{"state": "REST", "state_prev": "DIS", "mode": "TEST", "test_sequence": 21, "total_cycles": 1, "total_rpts": 0, "volt_v": 3.6576, "temp_c": 27.875, "cycle_count": 20, "chg_val": 3.0000000000000018, "dis_val": 124.99999999999972, "chg_low_val": 199.9, "dis_low_val": 105.40000000000083, "pulse_state": false, "en_chg_state": false, "en_dis_state": false, "en_cur_state": false, "update_act": true, "cc_capacity_mas": 153269.0429372661, "cc_soc_mas": 45978.4893248815, "last_cyc_cap_mah": -20.47216344488113, "R_SHUNT_OHMS": 1.0, "est_capacity_as": 171.612, "est_soc": -0.24512291018830534, "est_cov_state00": 5.800966397928751e-05, "est_cov_state01": 0.001351734426514236, "est_cov_state10": 0.001351734426514236, "est_cov_state11": 0.046279476690345156, "est_cov_param": 0.1, "update_counter": 1940, "update_counter_beta": 1940, "pred_cyc_mah": 0, "pred_ekf_mah": 0, "pred_beta_mah": 0}