{"state": "CHG", "state_prev": "DIS", "mode": "CYCLE", "test_sequence": 0, "total_cycles": 1, "total_rpts": 1, "volt_v": 3.9392000000000005, "temp_c": 29.8125, "cycle_count": 0, "chg_val": 6.0999999999999925, "dis_val": 123.99999999999977, "chg_low_val": 214.79999999999916, "dis_low_val": 105.40000000000083, "pulse_state": false, "en_chg_state": true, "en_dis_state": false, "en_cur_state": false, "update_act": false, "cc_capacity_mas": 146881.36897120843, "cc_soc_mas": 643175.689525241, "last_cyc_cap_mah": -20.067599690348835, "R_SHUNT_OHMS": 1.0, "est_capacity_as": 171.60049811878338, "est_soc": -0.15766366316609137, "est_cov_state00": 0.0003677303815837269, "est_cov_state01": 0.005018652483105143, "est_cov_state10": 0.005018652483105144, "est_cov_state11": 0.0832739559744724, "est_cov_param": 0.19878540904333794, "update_counter": 127, "update_counter_beta": 2228, "pred_cyc_mah": 0, "pred_ekf_mah": 0, "pred_beta_mah": 0}