{"state": "CHG", "state_prev": "DIS", "mode": "CYCLE", "test_sequence": 0, "total_cycles": 1, "total_rpts": 1, "volt_v": 4.0848, "temp_c": 31.1875, "cycle_count": 0, "chg_val": 5.099999999999991, "dis_val": 126.09999999999965, "chg_low_val": 201.09999999999994, "dis_low_val": 105.80000000000081, "pulse_state": false, "en_chg_state": true, "en_dis_state": false, "en_cur_state": false, "update_act": false, "cc_capacity_mas": 152775.2213193124, "cc_soc_mas": 691988.1892523477, "last_cyc_cap_mah": -11.042933143580509, "R_SHUNT_OHMS": 1.0, "est_capacity_as": 171.67888175168747, "est_soc": 0.2557663312358499, "est_cov_state00": 0.001456512741365123, "est_cov_state01": 7.848524619944595e-05, "est_cov_state10": 7.848524619944594e-05, "est_cov_state11": 0.014785379227300055, "est_cov_param": 0.1999374243362859, "update_counter": 381, "update_counter_beta": 2482, "pred_cyc_mah": 0, "pred_ekf_mah": 0, "pred_beta_mah": 0}