{"state": "CHG", "state_prev": "DIS", "mode": "CYCLE", "test_sequence": 0, "total_cycles": 5, "total_rpts": 0, "volt_v": 4.1584, "temp_c": 31.8125, "cycle_count": 5, "chg_val": 5.099999999999997, "dis_val": 125.89999999999966, "chg_low_val": 200, "dis_low_val": 120, "pulse_state": false, "en_chg_state": true, "en_dis_state": false, "en_cur_state": false, "update_act": false, "cc_capacity_mas": 0, "cc_soc_mas": 76090.04732701174, "R_SHUNT_OHMS": 1.0, "est_capacity_as": 171.61447015622832, "est_soc": 0.9316804177458309, "est_cov_state00": 0.0006284578434484711, "est_cov_state01": 0.0005314626139823881, "est_cov_state10": 0.0005314626139823881, "est_cov_state11": 0.003312276832072595, "est_cov_param": 1.699349319003307}