{"state": "DIS", "state_prev": "DIS", "mode": "CYCLE", "test_sequence": 0, "total_cycles": 4, "total_rpts": 0, "volt_v": 3.5951999999999997, "temp_c": 30.0625, "cycle_count": 4, "chg_val": 4.000000000000004, "dis_val": 149.8999999999983, "chg_low_val": 200, "dis_low_val": 120, "pulse_state": false, "en_chg_state": false, "en_dis_state": true, "en_cur_state": true, "update_act": false, "cc_capacity_mas": 0, "cc_soc_mas": -36732.44517463235, "R_SHUNT_OHMS": 1.0, "est_capacity_as": 171.61543589128323, "est_soc": 0.7652652174604864, "est_cov_state00": 0.0011481054377205646, "est_cov_state01": 0.0005474499606666794, "est_cov_state10": 0.0005474499606666793, "est_cov_state11": 0.003609439136994591, "est_cov_param": 1.6993659691733563}