{"state": "DIS", "state_prev": "DIS", "mode": "CYCLE", "test_sequence": 0, "total_cycles": 4, "total_rpts": 0, "volt_v": 3.3056, "temp_c": 30.3125, "cycle_count": 4, "chg_val": 6.099999999999999, "dis_val": 142.9999999999987, "chg_low_val": 200, "dis_low_val": 120, "pulse_state": false, "en_chg_state": false, "en_dis_state": true, "en_cur_state": true, "update_act": false, "cc_capacity_mas": 0, "cc_soc_mas": -66174.7789129534, "R_SHUNT_OHMS": 1.0, "est_capacity_as": 171.6166481322844, "est_soc": 0.5509653070094063, "est_cov_state00": 0.0020235258223416483, "est_cov_state01": 0.0014755818258443652, "est_cov_state10": 0.0014755818258443652, "est_cov_state11": 0.0044248665213541295, "est_cov_param": 1.6993650606373982}